Position,Driver Number,Driver,Driver Abbreviation,Car,Laps,Time/Retired,Points
1,6,Jacques Villeneuve,VIL,Williams Renault,67,1:33:26.473,10
2,1,Michael Schumacher,MSC,Ferrari,67,+0.762s,6
3,8,David Coulthard,COU,McLaren Mercedes,67,+32.834s,4
4,5,Damon Hill,HIL,Williams Renault,67,+33.511s,3
5,11,Rubens Barrichello,BAR,Jordan Peugeot,67,+33.713s,2
6,12,Martin Brundle,BRU,Jordan Peugeot,67,+55.567s,1
7,14,Johnny Herbert,HER,Sauber Ford,67,+78.027s,0
8,7,Mika Hakkinen,HAK,McLaren Mercedes,67,+78.438s,0
9,4,Gerhard Berger,BER,Benetton Renault,67,+81.061s,0
10,10,Pedro Diniz,DIN,Ligier Mugen Honda,66,+1 lap,0
11,16,Ricardo Rosset,ROS,Footwork Hart,65,+2 laps,0
12,20,Pedro Lamy,LAM,Minardi Ford,65,+2 laps,0
13,21,Giancarlo Fisichella,FIS,Minardi Ford,65,+2 laps,0
NC,15,Heinz-Harald Frentzen,FRE,Sauber Ford,59,DNF,0
NC,17,Jos Verstappen,VER,Footwork Hart,38,DNF,0
NC,9,Olivier Panis,PAN,Ligier Mugen Honda,6,DNF,0
NC,2,Eddie Irvine,IRV,Ferrari,6,DNF,0
NC,3,Jean Alesi,ALE,Benetton Renault,1,DNF,0
